Education,Experience,Location,Job_Title,Age,Gender,Salary
High School,8,Urban,Manager,63,Male,84620.05366451902
PhD,11,Suburban,Director,59,Male,142591.2558943053
Bachelor,28,Suburban,Manager,61,Female,97800.25540414132
High School,29,Rural,Director,45,Male,96834.67128150171
PhD,25,Urban,Analyst,26,Female,132157.78617465615
PhD,19,Rural,Director,27,Female,156312.9362084037
PhD,4,Rural,Director,60,Female,130567.64945544896
PhD,13,Suburban,Director,49,Female,148707.74075900653
Bachelor,20,Urban,Engineer,25,Female,95945.27542859329
PhD,14,Urban,Analyst,58,Female,133339.3896823029
Bachelor,23,Rural,Manager,23,Female,101164.09236529446
Master,1,Urban,Director,27,Female,124251.98714687066
High School,11,Urban,Manager,63,Male,55066.114352582896
PhD,4,Rural,Manager,43,Male,124972.50876977787
Master,7,Suburban,Director,44,Female,126139.13670110232
High School,28,Suburban,Engineer,49,Male,81007.19945085408
High School,4,Suburban,Analyst,37,Male,60693.924713925415
High School,26,Rural,Director,63,Male,103386.0702899282
Master,7,Urban,Director,53,Female,140042.13891849504
Bachelor,20,Rural,Analyst,34,Male,86048.11608072282
Master,3,Rural,Engineer,62,Female,73861.99295330019
PhD,19,Suburban,Analyst,62,Male,106145.00551210355
PhD,19,Urban,Director,36,Female,142981.59047925484
Master,7,Suburban,Analyst,21,Female,96620.92938815863
High School,21,Urban,Manager,62,Female,89426.94711719434
Bachelor,12,Urban,Manager,20,Male,104762.39852019974
Bachelor,23,Suburban,Manager,35,Female,101747.54077442826
Bachelor,1,Suburban,Engineer,36,Male,68635.08828494251
Bachelor,5,Rural,Manager,28,Male,90550.47942410434
High School,14,Urban,Analyst,61,Female,75559.24411372501
Bachelor,10,Urban,Engineer,40,Female,87433.49864519518
High School,3,Urban,Analyst,63,Female,57615.23341761047
PhD,2,Urban,Engineer,45,Male,126043.14343328991
High School,13,Urban,Analyst,20,Male,73043.43575162995
PhD,16,Rural,Director,59,Male,134560.1930040126
Bachelor,23,Urban,Engineer,22,Female,95804.2614408205
Master,2,Rural,Director,26,Female,99694.53954354613
PhD,24,Suburban,Director,23,Female,153930.9338516317
PhD,13,Rural,Director,50,Male,151123.33589341832
High School,6,Rural,Director,33,Female,81462.71866943766
Master,7,Rural,Director,40,Male,106019.02039637441
PhD,2,Suburban,Director,31,Female,142122.66726825983
High School,11,Urban,Analyst,31,Male,66858.43105342452
Bachelor,7,Rural,Manager,25,Female,82060.7329291408
PhD,7,Suburban,Engineer,36,Female,107935.40344896368
Bachelor,7,Rural,Analyst,33,Male,70251.76628382233
PhD,7,Rural,Analyst,28,Female,118799.44006115955
PhD,12,Suburban,Analyst,47,Female,100369.02351603874
Master,19,Rural,Analyst,26,Male,100038.7680224855
PhD,22,Rural,Manager,64,Male,164542.83698804962
High School,19,Urban,Manager,62,Male,95726.36718568094
Bachelor,19,Suburban,Engineer,24,Male,96598.32495003476
Bachelor,20,Rural,Engineer,60,Female,82628.14830429087
Bachelor,3,Suburban,Analyst,61,Female,66216.7016212603
PhD,13,Suburban,Engineer,35,Female,127167.11604300037
High School,10,Urban,Director,20,Female,106028.63629377136
PhD,20,Urban,Analyst,59,Male,139655.8919089493
Master,9,Urban,Engineer,57,Male,100278.41602229177
High School,6,Rural,Engineer,26,Female,67767.86962383863
PhD,21,Rural,Director,49,Male,148074.0579284191
PhD,22,Rural,Analyst,45,Female,143973.4648101395
Master,12,Rural,Manager,32,Female,106333.96975362297
PhD,2,Rural,Analyst,20,Female,96967.34243096111
Master,12,Rural,Manager,48,Female,113746.2957781357
PhD,16,Suburban,Engineer,27,Female,140823.26983800298
High School,13,Suburban,Manager,21,Female,88374.4479673091
Master,16,Urban,Analyst,64,Female,112591.91766668811
High School,13,Rural,Engineer,27,Male,53119.03312031389
High School,22,Suburban,Manager,60,Female,81946.59278102114
High School,25,Urban,Manager,46,Female,74817.18131645783
Bachelor,19,Urban,Analyst,60,Male,84868.7846243118
Bachelor,26,Urban,Engineer,42,Male,104215.43185102737
Master,14,Urban,Engineer,34,Male,117890.0214065348
High School,29,Suburban,Manager,51,Male,90605.4567853522
High School,13,Suburban,Manager,41,Female,77430.20945022261
Bachelor,10,Suburban,Manager,27,Male,91038.14555250182
PhD,22,Urban,Director,56,Male,169510.2530418977
High School,7,Urban,Engineer,36,Male,58008.87061573461
Bachelor,5,Rural,Manager,26,Female,93375.47914146326
Master,17,Rural,Manager,62,Female,136608.8081251391
Master,9,Urban,Engineer,40,Female,113727.8965602193
PhD,27,Suburban,Director,58,Male,156729.08389775958
High School,6,Urban,Engineer,24,Female,60637.29855913215
Bachelor,16,Rural,Director,36,Female,118098.37222184098
Bachelor,6,Rural,Analyst,54,Male,59734.10574128003
PhD,6,Suburban,Engineer,34,Male,111461.95579727436
Bachelor,28,Urban,Engineer,59,Male,96355.51546129535
Bachelor,18,Rural,Analyst,35,Male,70214.86159479314
PhD,1,Suburban,Engineer,44,Male,105551.83680620143
Master,17,Rural,Analyst,34,Male,109899.04941785493
PhD,17,Suburban,Director,30,Male,163022.82564588025
PhD,1,Rural,Engineer,24,Male,104029.26927639818
Master,11,Rural,Analyst,40,Female,98073.3404604569
Master,13,Urban,Manager,61,Female,130591.56675108234
PhD,1,Suburban,Director,60,Male,137005.64203097162
High School,27,Suburban,Director,31,Male,92450.57242382762
Master,8,Rural,Manager,49,Female,93295.98264861919
PhD,23,Urban,Manager,23,Male,163104.2755312551
Bachelor,20,Rural,Analyst,64,Male,89961.7941228838
High School,6,Rural,Manager,46,Male,71769.55893398654
Bachelor,5,Rural,Engineer,47,Male,63923.5309909897
Master,20,Suburban,Analyst,22,Female,112349.77192889052
High School,5,Urban,Director,22,Male,91289.99587456821
PhD,6,Rural,Engineer,43,Female,119140.33843647146
High School,29,Rural,Engineer,48,Male,71549.7678319231
Master,13,Rural,Director,38,Female,133122.60510065337
High School,27,Suburban,Engineer,21,Female,66723.68051821226
PhD,18,Rural,Director,24,Male,157287.4192480694
PhD,20,Suburban,Director,56,Female,165810.55944087074
High School,13,Suburban,Director,37,Female,103723.30317535225
PhD,7,Suburban,Director,44,Female,138575.07809749557
High School,8,Suburban,Analyst,45,Female,48005.699834384795
High School,21,Suburban,Engineer,63,Female,83938.8036230838
High School,17,Urban,Manager,32,Male,80007.84720913025
High School,1,Suburban,Analyst,54,Male,51439.95511443989
Master,24,Suburban,Manager,41,Female,125825.37782839929
PhD,16,Rural,Analyst,29,Female,111979.28028586916
High School,11,Urban,Engineer,56,Female,74209.99466184892
PhD,29,Urban,Director,63,Male,155079.84083441965
Master,4,Rural,Manager,61,Male,109922.0568164404
PhD,4,Suburban,Analyst,26,Male,104330.68911543266
PhD,17,Urban,Engineer,37,Female,119682.68653532074
Bachelor,17,Suburban,Engineer,51,Female,91498.92541209707
Bachelor,10,Rural,Analyst,64,Male,79316.33852811223
Bachelor,21,Urban,Director,26,Male,126769.34597053225
High School,21,Suburban,Analyst,36,Female,79183.53730827161
Bachelor,6,Urban,Analyst,50,Male,57463.59600309587
Bachelor,25,Urban,Analyst,48,Male,89948.55569043328
Bachelor,25,Suburban,Director,31,Male,121066.52294503032
PhD,17,Suburban,Manager,52,Female,157190.03279936145
High School,18,Urban,Analyst,58,Male,80837.44493674728
PhD,22,Rural,Engineer,45,Male,151013.40051848112
Bachelor,26,Urban,Manager,58,Female,110750.60577086001
Master,10,Rural,Engineer,49,Male,102744.16995282008
High School,13,Urban,Engineer,22,Female,62000.29192430693
Bachelor,16,Suburban,Analyst,39,Female,81956.47780376
Master,7,Rural,Manager,32,Female,99647.04281717027
High School,15,Rural,Analyst,38,Female,53660.11340683279
Master,2,Urban,Engineer,20,Male,98065.50878814337
High School,5,Urban,Analyst,61,Male,60027.17539890681
Bachelor,17,Rural,Director,42,Male,107222.12664516484
PhD,5,Suburban,Director,37,Female,145434.53439582724
Master,8,Rural,Analyst,62,Male,94399.8846738686
Master,24,Rural,Analyst,24,Female,105559.54371150375
Bachelor,28,Suburban,Analyst,24,Male,92774.21458468054
High School,15,Suburban,Analyst,38,Female,61928.68279841316
PhD,8,Urban,Analyst,25,Female,118509.62858553034
Bachelor,23,Urban,Director,34,Female,127909.7105518198
Bachelor,3,Urban,Manager,30,Male,101655.25190671263
PhD,23,Suburban,Analyst,49,Female,145740.44537947085
High School,17,Rural,Manager,39,Female,69022.97240059583
Master,28,Suburban,Analyst,54,Male,122693.7222533875
Master,16,Urban,Manager,23,Female,112053.20358407324
PhD,16,Rural,Director,28,Female,149731.74718252578
Master,19,Urban,Engineer,46,Male,129826.72282091064
PhD,12,Rural,Manager,38,Female,130504.10498333005
PhD,24,Suburban,Director,24,Male,169726.36047258874
PhD,15,Urban,Manager,27,Female,133614.32129684524
Master,8,Suburban,Director,62,Male,114113.54716908363
Bachelor,27,Suburban,Engineer,49,Female,100641.90157356314
Master,3,Suburban,Director,55,Male,128222.10354585825
Master,23,Rural,Analyst,35,Female,103825.70543658012
PhD,18,Suburban,Analyst,23,Female,123464.46899091225
Master,4,Suburban,Manager,23,Female,99083.71641621979
PhD,8,Rural,Analyst,26,Male,115028.81044442621
PhD,14,Suburban,Analyst,22,Female,136466.95140894435
Master,28,Suburban,Engineer,57,Male,130006.80109093692
Master,17,Suburban,Analyst,44,Male,113966.50654336264
PhD,6,Rural,Analyst,55,Male,108930.25525076337
High School,5,Rural,Manager,23,Female,59366.90640736085
Bachelor,22,Urban,Analyst,27,Female,103772.45916416371
Master,14,Suburban,Analyst,47,Female,103680.88924365859
PhD,6,Rural,Director,22,Male,134263.9176428062
Master,20,Suburban,Director,27,Female,143982.40622403615
Bachelor,12,Rural,Manager,30,Male,90022.1254832727
Master,9,Rural,Manager,25,Male,100622.23740614793
Bachelor,1,Rural,Manager,60,Female,90091.88495330967
High School,18,Urban,Analyst,42,Male,73807.19890433867
Master,6,Suburban,Analyst,63,Male,85629.70656151309
Master,29,Rural,Analyst,21,Male,102870.94105128384
PhD,5,Suburban,Analyst,26,Female,115954.11875826867
High School,2,Rural,Analyst,48,Male,70374.09661478276
PhD,6,Suburban,Analyst,25,Female,112071.79396453791
Master,17,Suburban,Director,60,Male,128637.26140914421
PhD,7,Rural,Manager,30,Male,142237.71197617054
High School,25,Suburban,Manager,27,Female,89427.18800209484
High School,9,Urban,Analyst,49,Male,49515.33136752012
Master,23,Urban,Engineer,56,Male,107272.03547451827
High School,20,Suburban,Director,38,Female,107266.63973787481
Master,5,Suburban,Manager,22,Female,116663.54542250189
PhD,21,Rural,Director,61,Male,159261.25708431192
Master,11,Rural,Analyst,49,Male,95422.43441621287
Master,11,Suburban,Director,52,Male,118732.87974017202
PhD,28,Suburban,Manager,45,Male,150828.36884275833
High School,4,Suburban,Director,56,Male,80360.31217374376
High School,23,Suburban,Director,39,Male,89616.88844301298
High School,29,Urban,Engineer,52,Female,94614.49909551127
Bachelor,6,Suburban,Director,47,Male,88404.03831200278
Master,27,Rural,Manager,46,Female,123672.41235424776
High School,10,Urban,Manager,48,Female,77959.92127523497
Bachelor,9,Suburban,Manager,43,Male,87089.80186824632
Master,29,Rural,Manager,38,Female,106944.94644980178
PhD,18,Urban,Analyst,25,Male,137478.69664111253
Master,20,Suburban,Engineer,21,Female,107442.49239559734
Master,9,Suburban,Analyst,41,Male,112257.07959324372
PhD,28,Suburban,Manager,54,Male,149580.17722315947
Bachelor,11,Suburban,Director,21,Female,100586.4041156878
High School,2,Urban,Manager,49,Female,72915.21946778877
High School,15,Rural,Manager,54,Male,85534.39748630449
High School,6,Suburban,Engineer,34,Female,55365.9233688183
PhD,25,Urban,Engineer,62,Male,155147.37694829778
PhD,17,Urban,Director,50,Male,171403.03641017622
High School,4,Rural,Analyst,29,Female,58903.22810655946
Master,8,Urban,Manager,47,Female,134264.31490992257
Master,29,Urban,Engineer,27,Male,141926.4602101247
High School,2,Rural,Director,32,Male,87148.82293893005
High School,24,Urban,Manager,49,Male,110043.26319415642
PhD,9,Urban,Analyst,56,Male,126080.69529629964
High School,1,Rural,Analyst,58,Male,41707.761004278014
Bachelor,24,Urban,Engineer,48,Male,81377.56364756194
Master,6,Rural,Analyst,41,Male,77772.66880478204
High School,16,Suburban,Director,43,Female,86517.17200841205
High School,27,Suburban,Engineer,57,Male,78182.64912759434
PhD,26,Suburban,Manager,40,Male,149472.05536597915
Bachelor,26,Suburban,Engineer,33,Male,90992.3950975125
PhD,7,Urban,Director,60,Male,131042.22388558686
High School,25,Suburban,Director,61,Female,98697.76833533274
Master,24,Rural,Analyst,21,Male,107105.8207118821
Bachelor,16,Rural,Manager,28,Female,87924.45958450134
Bachelor,6,Rural,Director,59,Female,88578.47838349616
Bachelor,10,Rural,Analyst,64,Female,65598.43408127593
PhD,18,Suburban,Manager,29,Female,139034.76260983682
High School,17,Rural,Manager,37,Female,68436.97173004749
High School,17,Suburban,Director,45,Female,104598.75331517015
High School,12,Rural,Manager,43,Female,74409.96732045121
Bachelor,15,Rural,Manager,60,Female,85276.82081973483
Bachelor,6,Suburban,Analyst,30,Female,73195.52218532546
Master,23,Suburban,Engineer,46,Male,106197.1439364881
Bachelor,20,Urban,Manager,33,Male,120121.68295174788
High School,16,Urban,Analyst,51,Female,84841.8672458082
High School,23,Urban,Analyst,41,Female,90520.01982753031
Bachelor,14,Rural,Analyst,53,Female,67553.07368757403
Master,12,Rural,Director,21,Male,121087.32980273824
Bachelor,12,Rural,Director,52,Male,97984.29324487085
Bachelor,2,Urban,Engineer,63,Female,87620.13105914182
PhD,8,Urban,Director,26,Female,137920.90196716101
Bachelor,24,Urban,Analyst,54,Male,92241.08305998983
High School,27,Rural,Analyst,50,Female,67867.82971648192
High School,17,Suburban,Engineer,46,Male,73532.88469132425
High School,8,Urban,Analyst,58,Male,69941.28708137886
PhD,16,Suburban,Director,56,Female,147712.72307263393
PhD,23,Rural,Analyst,37,Male,134639.6507552622
Bachelor,1,Urban,Engineer,32,Male,89220.76356797137
Master,5,Rural,Engineer,59,Male,92867.8476312818
Bachelor,19,Suburban,Engineer,45,Male,81543.41867134403
PhD,24,Rural,Manager,20,Female,132288.0966456586
Bachelor,22,Rural,Director,58,Male,117917.26975151568
PhD,3,Urban,Engineer,50,Female,118237.75563685331
High School,9,Suburban,Manager,61,Male,56873.70677317545
High School,11,Urban,Director,56,Female,97129.52368183
PhD,6,Rural,Manager,58,Male,127295.54520546219
Bachelor,7,Rural,Director,48,Male,82940.32918857371
Master,7,Suburban,Director,62,Male,133794.19981202646
High School,5,Rural,Director,43,Female,83366.3598715775
Master,2,Urban,Engineer,35,Female,103387.4525129018
PhD,22,Suburban,Director,58,Male,144256.80632265584
PhD,28,Rural,Manager,58,Female,133976.69467114715
Master,5,Urban,Analyst,42,Male,96929.31513158564
PhD,6,Urban,Analyst,27,Male,103860.8461044971
Bachelor,6,Suburban,Director,57,Male,105050.80273184486
Bachelor,7,Rural,Engineer,22,Male,62891.76686619663
Bachelor,4,Urban,Director,33,Female,105649.12729254698
PhD,25,Suburban,Manager,40,Male,147118.68547273273
Master,18,Urban,Analyst,49,Female,120117.85268097043
High School,16,Rural,Manager,52,Male,66620.52404738512
High School,21,Urban,Manager,39,Male,93737.29449524725
Bachelor,19,Rural,Analyst,64,Female,70051.59807165357
High School,10,Urban,Engineer,64,Female,77955.49551769407
PhD,24,Rural,Manager,42,Female,142850.38233722505
Master,5,Urban,Analyst,42,Male,104958.5066896543
PhD,18,Urban,Engineer,64,Male,124794.74653171968
PhD,25,Suburban,Manager,57,Male,154990.84275671767
Master,3,Rural,Manager,54,Female,106062.03396303709
High School,20,Urban,Manager,58,Male,93636.97892713363
Master,4,Suburban,Manager,41,Female,112126.33963013986
PhD,14,Urban,Director,48,Male,152065.3611720965
Master,12,Suburban,Engineer,54,Female,119412.99220315991
Master,14,Urban,Manager,21,Male,122441.02014234297
Bachelor,5,Suburban,Analyst,37,Male,67608.30799609171
Bachelor,18,Rural,Director,54,Female,107412.73806631062
PhD,27,Urban,Analyst,63,Male,132494.82054555468
PhD,7,Rural,Analyst,33,Male,107360.03576669157
High School,16,Rural,Engineer,37,Female,64227.533838106014
PhD,3,Suburban,Analyst,51,Male,109204.4587935414
High School,22,Rural,Director,41,Female,93993.97072805486
High School,21,Suburban,Manager,54,Female,105457.61391306327
Master,11,Suburban,Manager,21,Male,121709.4983984612
Master,27,Suburban,Analyst,25,Male,127723.00647288091
PhD,26,Suburban,Engineer,58,Female,135962.90562631763
Bachelor,18,Suburban,Engineer,51,Female,87129.83711494852
Bachelor,6,Urban,Manager,48,Male,92218.2195310701
High School,26,Urban,Manager,58,Male,104528.89097268877
PhD,21,Rural,Analyst,24,Male,104518.81521769102
High School,22,Urban,Engineer,57,Female,71668.35224708632
Master,24,Suburban,Analyst,27,Female,115023.3584683422
PhD,5,Suburban,Manager,23,Female,127759.07632937071
PhD,5,Urban,Manager,41,Male,154677.29682143047
Bachelor,16,Rural,Analyst,41,Female,85476.83215742656
PhD,3,Rural,Engineer,46,Male,106378.0855646952
Bachelor,12,Urban,Manager,22,Male,86223.92931460653
PhD,3,Suburban,Manager,48,Male,124594.39965062137
Master,2,Suburban,Engineer,52,Male,83967.79917321586
High School,15,Rural,Manager,57,Female,79667.50650418435
Bachelor,20,Urban,Engineer,53,Male,101611.06322241678
Bachelor,17,Suburban,Engineer,55,Female,95200.31932092732
PhD,12,Rural,Manager,52,Female,152791.76664795037
PhD,2,Rural,Analyst,59,Male,97925.34018579702
PhD,26,Urban,Manager,37,Female,154075.95792204092
Bachelor,2,Rural,Manager,29,Female,69874.84255511091
Bachelor,14,Suburban,Manager,55,Male,98194.01483849874
Bachelor,7,Rural,Director,64,Female,112932.73615950027
PhD,26,Rural,Manager,42,Male,151687.22399120472
PhD,25,Rural,Analyst,25,Male,128855.12954410799
Master,14,Urban,Analyst,42,Male,111516.30248819891
Master,7,Suburban,Analyst,29,Female,84891.4436205641
Master,20,Rural,Engineer,21,Male,106062.66288305611
High School,17,Urban,Director,63,Female,97852.52574570387
PhD,24,Rural,Director,25,Female,154994.21986708543
PhD,27,Suburban,Analyst,62,Female,121693.83755601384
Bachelor,4,Rural,Director,24,Female,97276.23179234781
Master,27,Urban,Engineer,27,Male,129791.9649251421
PhD,15,Rural,Manager,39,Male,131229.4879372722
Bachelor,27,Rural,Analyst,58,Female,92041.749990825
PhD,3,Rural,Director,33,Female,118165.08446631998
PhD,6,Urban,Analyst,31,Male,106202.04384675651
Bachelor,26,Rural,Analyst,43,Female,92346.87262338237
Bachelor,8,Rural,Analyst,58,Male,66322.76809083836
Bachelor,16,Urban,Analyst,31,Male,90884.44479775698
High School,15,Urban,Manager,60,Female,93394.90672317604
Master,4,Suburban,Analyst,51,Female,92260.70069694844
Master,21,Urban,Director,23,Male,112893.31945170803
High School,8,Rural,Director,22,Male,76493.46361979107
Bachelor,23,Rural,Engineer,27,Female,88189.55978005964
Bachelor,8,Urban,Engineer,22,Male,85653.0564567708
High School,20,Suburban,Director,45,Female,103997.30812571553
PhD,7,Urban,Analyst,25,Male,106214.69814058887
High School,26,Suburban,Director,36,Male,103439.56623907984
High School,20,Urban,Engineer,28,Female,95703.03911911232
PhD,24,Suburban,Analyst,37,Male,127740.56885031542
Master,18,Suburban,Director,48,Female,137723.27886185737
Bachelor,12,Rural,Manager,34,Male,101663.05778970802
Master,4,Suburban,Director,26,Female,121102.31439102095
Bachelor,14,Rural,Engineer,33,Female,77149.03019668574
Master,27,Urban,Director,48,Female,139904.78989292
High School,24,Urban,Analyst,23,Female,86438.00153765982
Master,25,Urban,Director,64,Male,150921.49090781735
High School,28,Urban,Engineer,58,Male,80135.31584928774
Bachelor,29,Urban,Director,24,Male,117235.26845638917
Bachelor,25,Rural,Analyst,20,Male,77191.93285851003
Bachelor,5,Urban,Director,31,Male,121616.51861184771
High School,22,Suburban,Engineer,58,Male,76320.54879609501
PhD,20,Rural,Manager,26,Male,163602.28585653414
High School,23,Suburban,Director,40,Male,103555.45603070543
PhD,26,Rural,Director,26,Male,160395.223228338
High School,7,Suburban,Engineer,36,Male,65062.72488305184
High School,12,Rural,Engineer,20,Male,71991.49850197365
High School,15,Urban,Director,23,Male,85339.3681495593
High School,19,Rural,Engineer,25,Male,90600.13108370735
Bachelor,26,Rural,Engineer,59,Male,94996.98297388168
PhD,13,Suburban,Analyst,36,Male,115965.9990780719
PhD,4,Rural,Director,45,Female,137025.6100228842
High School,6,Rural,Director,50,Male,86923.38876030798
PhD,8,Urban,Manager,47,Male,127924.45124217024
Master,15,Suburban,Manager,31,Female,125668.69372441071
Master,12,Rural,Engineer,60,Male,94835.55842413523
Bachelor,10,Suburban,Engineer,20,Male,79937.26466825511
Bachelor,12,Rural,Director,53,Male,97105.1758124497
Bachelor,17,Rural,Manager,45,Female,104635.4146648592
Master,29,Suburban,Director,34,Male,132909.27268205624
Bachelor,28,Urban,Director,54,Male,129926.16110034613
Bachelor,8,Rural,Director,60,Male,94565.82135917408
High School,28,Rural,Manager,63,Female,79527.8982204147
Bachelor,2,Rural,Director,58,Female,79864.7639724552
Master,19,Suburban,Manager,39,Male,111971.11675483997
Bachelor,22,Urban,Manager,62,Male,95662.03982347203
Bachelor,29,Rural,Engineer,54,Male,107961.67193749268
High School,1,Rural,Director,58,Female,68583.46837368779
High School,22,Rural,Manager,41,Male,83586.51930066243
Bachelor,25,Suburban,Engineer,40,Female,111781.89364481598
Bachelor,10,Suburban,Engineer,46,Female,72798.82843068447
Master,9,Suburban,Manager,55,Male,104584.54324684285
PhD,19,Suburban,Analyst,47,Male,131547.15536693783
PhD,12,Urban,Engineer,23,Female,113759.20447919633
Bachelor,29,Suburban,Manager,45,Male,108212.91487003131
PhD,22,Suburban,Engineer,27,Male,127751.06926899533
PhD,20,Rural,Analyst,24,Male,128295.22442169535
PhD,18,Suburban,Director,24,Male,148741.8413363613
Master,24,Urban,Manager,29,Male,154081.49279376958
Master,16,Urban,Director,24,Female,145378.91372069393
Bachelor,4,Rural,Engineer,53,Female,65467.61515724689
Master,11,Urban,Analyst,30,Female,102126.8656254315
PhD,25,Suburban,Analyst,43,Female,131524.15487084555
Master,22,Suburban,Engineer,52,Male,150065.74349110562
High School,29,Urban,Manager,33,Female,83898.00356021858
PhD,27,Urban,Manager,41,Male,159035.39700404613
PhD,22,Suburban,Engineer,48,Male,116155.67864638471
Bachelor,15,Rural,Analyst,43,Female,79930.62558794077
Bachelor,16,Suburban,Director,25,Female,130098.90561909012
Bachelor,2,Rural,Analyst,22,Female,62915.44568325892
Master,13,Rural,Analyst,20,Female,109045.54421472049
Bachelor,12,Urban,Analyst,29,Female,86338.84774046796
Bachelor,26,Rural,Engineer,27,Male,91775.01283174565
Bachelor,8,Suburban,Director,49,Female,100483.43641053604
Master,12,Suburban,Analyst,41,Male,96130.97354819998
High School,27,Urban,Engineer,36,Male,80739.41728110176
PhD,14,Rural,Manager,34,Male,120698.05587675504
Bachelor,3,Suburban,Manager,39,Female,103068.00728949443
High School,2,Rural,Analyst,57,Male,43069.23604206557
PhD,17,Suburban,Analyst,46,Male,129937.74310765753
Bachelor,2,Suburban,Director,32,Female,88234.68148560214
Bachelor,17,Suburban,Analyst,35,Male,98169.9055941535
Master,2,Suburban,Manager,39,Female,104264.4422209217
High School,2,Urban,Engineer,38,Male,61089.67332142195
Master,13,Urban,Engineer,62,Female,94710.23364704054
PhD,7,Rural,Director,22,Female,140959.76211139612
High School,9,Rural,Engineer,36,Female,77115.05704820246
Master,9,Urban,Director,31,Male,120309.22414000088
High School,14,Suburban,Analyst,55,Male,59417.70846297518
Master,11,Rural,Engineer,29,Female,89616.76041784984
High School,20,Rural,Director,29,Female,91291.62174240376
High School,19,Urban,Director,50,Male,99640.24197906828
PhD,1,Rural,Analyst,42,Female,113050.81101494469
PhD,24,Urban,Manager,62,Female,159514.7354680092
PhD,5,Suburban,Engineer,40,Male,111874.83953814399
High School,23,Rural,Analyst,61,Male,70249.48049064373
High School,1,Suburban,Engineer,39,Male,52716.988932775275
PhD,6,Suburban,Manager,24,Male,120089.67022623286
Bachelor,16,Urban,Engineer,35,Male,94731.44127037386
PhD,20,Suburban,Director,53,Female,193016.60214967115
Master,16,Urban,Engineer,20,Female,139151.70634005946
PhD,20,Urban,Director,35,Female,161398.26597767652
High School,26,Rural,Manager,33,Female,103388.57208010757
PhD,13,Suburban,Director,29,Female,147546.16635853727
High School,14,Urban,Analyst,62,Female,68468.6166055852
PhD,11,Rural,Director,30,Female,121504.28212370237
PhD,21,Urban,Director,59,Female,151398.94434055715
Bachelor,10,Suburban,Analyst,54,Female,72165.00736013523
Master,17,Suburban,Director,59,Male,133075.1903166543
Bachelor,7,Rural,Director,64,Female,97139.84534859276
High School,22,Rural,Analyst,64,Female,61210.57648608133
High School,4,Rural,Director,62,Male,68111.86800466156
PhD,17,Rural,Director,21,Female,145338.46864392047
High School,1,Rural,Engineer,28,Female,37185.88349317717
PhD,2,Suburban,Engineer,20,Male,110873.61439631441
High School,19,Rural,Director,31,Male,85187.10130191705
High School,1,Rural,Analyst,46,Male,33510.51066927126
Bachelor,12,Rural,Analyst,50,Male,73697.62106735456
High School,28,Rural,Engineer,63,Male,69651.92836465492
Master,19,Suburban,Analyst,62,Male,121353.82392009477
Master,19,Suburban,Analyst,39,Female,106561.96202860877
Master,26,Urban,Engineer,41,Female,124104.54331743425
High School,23,Rural,Manager,21,Female,87280.28107021368
High School,16,Rural,Engineer,38,Female,71569.68316840629
Master,16,Suburban,Analyst,48,Female,88637.58195699849
High School,29,Suburban,Director,31,Female,100232.15890892466
Master,8,Suburban,Analyst,59,Male,88909.6767374791
PhD,28,Rural,Director,29,Female,156548.29755806783
Master,25,Urban,Director,44,Male,139636.67478801086
PhD,26,Urban,Director,24,Male,167570.6946285781
PhD,27,Suburban,Manager,46,Female,142195.40754437845
High School,25,Suburban,Manager,63,Male,84322.32758479813
Bachelor,13,Suburban,Engineer,41,Male,82088.40331077647
Bachelor,14,Suburban,Manager,34,Male,109825.91370470893
Bachelor,19,Urban,Director,49,Female,122680.03659280542
High School,15,Urban,Analyst,21,Female,73688.88707585666
High School,15,Suburban,Analyst,34,Male,62136.81719189974
PhD,21,Urban,Director,20,Female,157152.82147906447
PhD,8,Suburban,Analyst,35,Female,123610.02888497637
Bachelor,24,Urban,Analyst,53,Male,106774.33933793785
PhD,13,Rural,Manager,52,Female,133151.46785628842
High School,12,Rural,Director,57,Male,93416.47945476102
PhD,22,Urban,Analyst,25,Female,149741.55027515185
High School,28,Suburban,Analyst,50,Female,61353.01960611086
Bachelor,13,Urban,Analyst,61,Male,92303.7888478305
Master,16,Suburban,Director,29,Male,130573.98071508964
Master,24,Suburban,Director,27,Male,142882.8881396824
High School,12,Suburban,Engineer,50,Female,78159.76528026743
Master,14,Suburban,Engineer,41,Male,99794.6183690856
Bachelor,15,Urban,Analyst,50,Female,73797.25897577438
PhD,19,Urban,Manager,61,Female,160061.91472851046
PhD,5,Rural,Manager,28,Female,115015.15355069588
PhD,29,Suburban,Director,21,Female,157137.80486078965
Bachelor,2,Rural,Director,41,Male,94046.2089341965
Master,18,Urban,Engineer,28,Male,111138.98178838645
Bachelor,18,Urban,Engineer,20,Male,82077.89371684402
Master,24,Suburban,Director,47,Male,139341.89767415726
PhD,26,Urban,Manager,45,Female,148185.1534103814
Master,17,Suburban,Engineer,49,Male,117978.59877870268
Bachelor,10,Rural,Engineer,27,Male,74939.23443921345
Master,27,Suburban,Analyst,46,Female,110115.53861279202
PhD,17,Urban,Manager,51,Male,144899.99460889792
PhD,3,Urban,Analyst,34,Male,128521.5347683867
High School,16,Urban,Engineer,39,Male,85079.04081637684
High School,18,Rural,Engineer,28,Female,57067.7381754028
Master,21,Suburban,Engineer,59,Male,143997.07649086916
Bachelor,7,Rural,Engineer,49,Male,73742.23675414972
PhD,1,Urban,Director,43,Male,129475.84271040499
Bachelor,7,Suburban,Manager,33,Female,100882.31990048778
Master,13,Rural,Manager,60,Female,109383.27542645649
Master,23,Suburban,Manager,21,Male,149537.1950783965
Bachelor,16,Urban,Manager,45,Male,114474.08355481534
High School,11,Rural,Analyst,44,Female,54012.80153691232
Master,3,Suburban,Analyst,50,Male,108753.06877732204
PhD,9,Suburban,Analyst,61,Male,127491.15211470446
High School,7,Urban,Engineer,36,Female,54711.0480306511
Master,23,Urban,Director,31,Male,151883.94109572403
High School,22,Urban,Manager,59,Male,86835.1255805155
PhD,3,Rural,Director,27,Male,132166.73714753325
Master,22,Rural,Manager,58,Male,123310.54449217461
Bachelor,1,Suburban,Manager,41,Female,77209.03987733739
Master,11,Suburban,Analyst,44,Male,87666.57721109298
Bachelor,13,Rural,Engineer,57,Male,86677.84010920297
High School,4,Suburban,Engineer,63,Female,45117.665013301375
Bachelor,10,Rural,Director,56,Male,74247.97373230735
Bachelor,26,Suburban,Engineer,52,Female,92638.9439562857
Master,8,Rural,Analyst,29,Male,96310.92421488398
Master,28,Suburban,Manager,60,Male,130301.18866430035
PhD,28,Suburban,Director,36,Male,175671.30940620071
High School,17,Rural,Analyst,55,Female,63837.53495431689
Bachelor,11,Urban,Manager,23,Male,93336.90348052919
High School,5,Rural,Engineer,59,Female,50604.16449520506
PhD,18,Rural,Director,57,Male,133634.5864073082
High School,4,Urban,Director,23,Male,94857.97224705931
High School,6,Suburban,Manager,60,Male,57188.999139170424
Master,24,Urban,Engineer,55,Female,114795.9236788073
High School,7,Urban,Director,21,Male,85397.13779571372
PhD,28,Urban,Engineer,23,Female,148023.53264490823
Bachelor,12,Suburban,Engineer,31,Male,71973.49636490211
High School,3,Rural,Manager,23,Female,53944.64204780505
PhD,29,Urban,Analyst,32,Male,146650.40602239317
Master,8,Suburban,Engineer,52,Male,114297.23358996994
Bachelor,20,Suburban,Director,59,Female,118490.03562090175
PhD,21,Rural,Director,20,Male,150741.90238409146
High School,10,Rural,Director,43,Female,64375.91266129869
Bachelor,24,Urban,Director,27,Male,117826.5765344791
Master,1,Suburban,Manager,21,Male,111214.94241311055
High School,17,Rural,Engineer,54,Female,77809.46669854887
High School,18,Urban,Manager,33,Female,96893.75908155255
High School,9,Suburban,Analyst,50,Male,60380.71644445607
Master,20,Suburban,Engineer,41,Female,127046.00466649178
Bachelor,22,Rural,Engineer,37,Male,120814.60713163964
PhD,27,Suburban,Engineer,43,Female,136061.38084617312
High School,16,Suburban,Analyst,55,Male,58368.84204654964
High School,17,Rural,Manager,53,Male,92184.82925779722
High School,18,Suburban,Engineer,26,Male,75354.64525385419
High School,11,Suburban,Engineer,44,Female,67123.0768842727
Bachelor,18,Urban,Director,54,Female,121923.74327659125
PhD,4,Suburban,Analyst,60,Female,107455.1349481504
Master,8,Rural,Director,58,Female,107652.04715249411
Master,10,Suburban,Director,29,Female,117228.52490451689
Bachelor,4,Rural,Manager,44,Male,96459.46256831015
High School,8,Rural,Director,49,Female,63633.59335315418
Bachelor,17,Suburban,Analyst,25,Female,91986.54645648549
Bachelor,3,Rural,Analyst,45,Female,62423.1253997449
Bachelor,5,Urban,Engineer,24,Female,81466.33111284656
PhD,27,Rural,Manager,58,Female,154429.50976608333
PhD,5,Urban,Engineer,20,Female,133439.88913357895
Bachelor,7,Rural,Director,34,Female,100429.76537866936
Bachelor,1,Suburban,Engineer,29,Female,57268.803376339936
PhD,18,Rural,Analyst,56,Female,138709.6470867579
Bachelor,24,Rural,Analyst,48,Female,102101.9651719956
PhD,23,Rural,Director,35,Female,153914.36833191148
PhD,22,Urban,Engineer,22,Male,142102.5781695941
Master,6,Urban,Analyst,56,Male,119014.49208620156
Master,24,Urban,Analyst,27,Female,128472.24271293728
PhD,28,Urban,Manager,37,Female,157707.05596425082
Bachelor,20,Urban,Engineer,51,Male,97076.61324148855
Bachelor,15,Suburban,Engineer,63,Female,88064.62888988973
Bachelor,28,Rural,Manager,61,Female,119772.32054397165
Master,23,Rural,Analyst,35,Male,118399.91784706687
High School,9,Suburban,Manager,48,Male,57865.76988501196
PhD,25,Suburban,Manager,62,Male,154646.42398866065
High School,29,Suburban,Manager,51,Female,102641.21331377607
High School,3,Suburban,Analyst,42,Female,37935.36834028282
Bachelor,27,Urban,Director,43,Male,126970.35248561678
High School,18,Rural,Director,24,Female,70229.56393623482
Bachelor,29,Suburban,Director,20,Female,125294.92835941387
High School,16,Suburban,Manager,37,Female,60167.65498087052
PhD,17,Rural,Director,26,Female,140182.54476292082
Master,9,Suburban,Engineer,24,Female,97889.34085504865
Master,28,Urban,Director,31,Male,140911.50179857394
Bachelor,24,Urban,Analyst,52,Male,113515.28016974566
High School,13,Urban,Manager,36,Male,88355.10569739103
High School,8,Suburban,Manager,22,Male,69004.311396766
High School,13,Rural,Director,30,Male,73669.22159105899
High School,1,Suburban,Manager,59,Male,63612.23683154768
High School,21,Rural,Manager,58,Male,70708.87031700685
PhD,12,Urban,Manager,59,Male,151730.80004149664
Master,12,Urban,Manager,20,Male,141967.66001547786
Bachelor,9,Rural,Engineer,29,Female,89531.99898082111
High School,1,Suburban,Analyst,31,Male,54316.90345545149
Master,21,Suburban,Engineer,64,Female,114343.71216706854
PhD,14,Suburban,Director,37,Female,144948.93710538538
PhD,29,Urban,Director,56,Male,186452.84572687594
PhD,14,Suburban,Manager,61,Male,133240.64392478464
PhD,6,Rural,Manager,25,Male,141610.9855689575
High School,16,Suburban,Director,61,Male,79684.60757979851
Master,8,Suburban,Manager,58,Female,110037.68345601793
Bachelor,19,Rural,Engineer,56,Male,71859.43407279214
High School,5,Rural,Manager,24,Female,66592.3420122828
PhD,15,Urban,Engineer,31,Male,122362.72378123793
PhD,13,Urban,Analyst,59,Male,144650.49406790442
PhD,26,Suburban,Engineer,49,Female,145122.7227166107
PhD,24,Suburban,Director,63,Male,164373.96746876818
High School,6,Urban,Director,31,Female,88826.7844916477
Master,17,Suburban,Director,62,Female,121074.59185608862
Bachelor,5,Suburban,Engineer,52,Female,81241.18287733827
Master,10,Rural,Analyst,21,Female,113370.80687867744
Master,5,Suburban,Director,64,Female,120085.54926006311
Bachelor,17,Rural,Manager,54,Female,86829.83798375187
PhD,19,Urban,Engineer,62,Female,120476.57343304963
PhD,6,Suburban,Analyst,62,Female,108866.73009607923
High School,22,Rural,Engineer,64,Male,54377.71102459122
High School,15,Rural,Engineer,30,Female,73305.17369042597
Master,4,Rural,Analyst,62,Female,96811.67266182245
Bachelor,17,Rural,Engineer,60,Male,78243.1817277945
Bachelor,1,Suburban,Director,59,Female,102139.81308469427
High School,18,Urban,Analyst,35,Female,67235.45347043018
PhD,26,Rural,Engineer,46,Female,135543.85717225142
High School,10,Urban,Manager,61,Female,83719.55551564979
Master,19,Rural,Analyst,60,Female,99560.39990960508
High School,2,Rural,Manager,64,Male,66182.03348653117
PhD,17,Rural,Engineer,36,Female,110142.71949532448
Bachelor,18,Urban,Manager,63,Male,109174.7498798797
Master,13,Urban,Analyst,48,Female,107650.47977612265
PhD,7,Urban,Engineer,20,Male,106536.0686375189
Master,29,Suburban,Analyst,64,Female,100903.09807268513
Bachelor,20,Urban,Engineer,22,Male,81404.76394373074
High School,5,Suburban,Director,42,Male,84143.06833923951
High School,4,Suburban,Director,44,Male,80239.5962687166
Bachelor,7,Urban,Director,64,Female,109739.5757717404
High School,5,Rural,Manager,39,Male,51736.215074918386
High School,19,Rural,Manager,50,Male,90389.73810666265
Master,20,Suburban,Director,33,Male,144828.4121981739
High School,7,Rural,Analyst,27,Female,44330.36964976672
High School,13,Rural,Analyst,39,Male,69760.60276453797
Bachelor,4,Suburban,Engineer,55,Male,76490.7760321884
PhD,15,Urban,Analyst,49,Female,112237.94975989968
Bachelor,20,Suburban,Analyst,40,Male,73673.05233849108
Bachelor,29,Urban,Manager,28,Female,126337.23487855005
Bachelor,25,Urban,Analyst,30,Female,98959.5118933102
Bachelor,18,Suburban,Analyst,61,Female,96812.24946453932
PhD,4,Rural,Engineer,54,Male,113116.26875267587
Bachelor,28,Urban,Director,31,Female,130676.70893360779
Master,4,Suburban,Director,28,Male,140235.26422980175
High School,2,Suburban,Manager,41,Female,80968.49087631401
Master,22,Suburban,Manager,24,Male,122671.7273138959
High School,20,Urban,Engineer,27,Female,83749.68724703127
PhD,23,Rural,Manager,41,Male,147944.4544306179
PhD,28,Rural,Engineer,42,Male,145613.91167496107
Bachelor,5,Suburban,Director,26,Female,100710.0880518803
PhD,25,Urban,Director,39,Male,160064.68149504965
High School,22,Rural,Engineer,63,Male,71963.77182763499
PhD,8,Suburban,Director,26,Male,138197.12890521623
Master,11,Rural,Analyst,52,Female,112833.67281239793
High School,11,Rural,Analyst,57,Female,68407.26238835322
PhD,18,Urban,Director,42,Female,155963.8498112061
PhD,27,Suburban,Engineer,61,Male,146282.9226069381
PhD,25,Rural,Analyst,41,Female,128345.40735764311
High School,19,Rural,Analyst,31,Female,75932.41135968213
Bachelor,17,Urban,Director,63,Female,127488.80516417992
PhD,1,Urban,Manager,23,Female,136686.10832710887
PhD,5,Rural,Manager,52,Female,133712.64269614525
Master,3,Urban,Director,49,Male,129605.70808041579
Bachelor,28,Urban,Director,41,Female,139740.61853808298
PhD,14,Suburban,Analyst,37,Female,129311.31373329197
PhD,2,Suburban,Engineer,25,Male,118519.00529114524
Bachelor,28,Rural,Engineer,47,Female,92227.74376400762
Bachelor,3,Rural,Analyst,21,Male,52282.49262506818
High School,3,Rural,Analyst,53,Male,47721.516194932876
High School,20,Urban,Engineer,60,Female,72589.44466595871
PhD,21,Suburban,Manager,63,Female,146600.09066957125
Master,27,Rural,Manager,59,Male,138404.8842418709
High School,13,Suburban,Engineer,63,Male,69728.24675440353
High School,8,Urban,Director,57,Female,83849.98328890376
PhD,22,Suburban,Director,50,Male,148468.7137513836
Master,14,Urban,Analyst,38,Male,94698.64792576068
Bachelor,18,Rural,Manager,35,Male,111328.05335357488
Master,27,Urban,Director,60,Male,129233.0898107075
PhD,20,Urban,Director,49,Male,150652.1697376894
Master,13,Urban,Director,24,Male,109867.98066302933
PhD,18,Urban,Engineer,62,Male,134838.58424250284
PhD,1,Rural,Analyst,40,Male,102577.15440239418
High School,2,Suburban,Analyst,36,Male,47957.05579370506
PhD,5,Rural,Manager,41,Female,124368.70100023597
Master,11,Rural,Director,22,Female,112787.34925582241
Master,11,Urban,Analyst,40,Male,96863.44359511267
High School,1,Rural,Engineer,44,Male,69178.26413261076
PhD,29,Urban,Engineer,63,Female,145659.3705163663
Master,27,Suburban,Engineer,40,Female,131076.58624946765
Bachelor,3,Urban,Director,35,Male,94632.28957347012
High School,29,Suburban,Engineer,53,Female,100127.28594752087
PhD,2,Rural,Director,44,Male,147141.82131007797
Bachelor,14,Urban,Analyst,44,Male,91310.18682217276
Master,20,Suburban,Engineer,60,Male,104004.68407030517
Bachelor,16,Rural,Director,47,Male,106870.0138572766
Bachelor,18,Suburban,Manager,23,Female,103473.04500041057
High School,5,Urban,Analyst,39,Male,62396.23914089497
Bachelor,8,Suburban,Analyst,32,Male,68217.7938380033
Bachelor,22,Suburban,Director,64,Female,101769.99863820705
PhD,7,Suburban,Director,30,Male,143623.63037382034
Bachelor,10,Rural,Analyst,29,Male,74897.08683666281
PhD,16,Suburban,Director,48,Male,151020.75021919367
Master,19,Suburban,Engineer,51,Male,124268.00578850968
High School,22,Suburban,Director,43,Female,82248.39516968635
Bachelor,29,Suburban,Analyst,33,Male,109106.93715987806
Bachelor,11,Urban,Engineer,25,Male,83567.72459982682
PhD,19,Urban,Director,60,Female,155047.7793414994
PhD,3,Rural,Engineer,27,Male,104742.20636748729
High School,18,Suburban,Director,61,Male,93896.19857839252
Bachelor,4,Rural,Analyst,36,Male,49941.82125200072
Master,25,Suburban,Analyst,59,Female,109319.14279712806
High School,20,Urban,Engineer,55,Female,74842.43454714648
Bachelor,17,Suburban,Analyst,62,Female,99639.30202363194
Master,24,Rural,Analyst,48,Male,110506.98143787218
Bachelor,13,Suburban,Engineer,37,Female,94955.18311496303
Master,4,Urban,Engineer,57,Female,104059.38814386503
Bachelor,14,Rural,Analyst,21,Male,68510.99628537285
PhD,25,Suburban,Engineer,37,Female,149072.04868183247
Master,3,Urban,Engineer,50,Male,94545.58657932433
PhD,21,Suburban,Director,54,Male,150737.56659227243
Bachelor,4,Urban,Manager,23,Male,95820.99778809566
Master,18,Rural,Analyst,53,Male,112455.38789447106
PhD,13,Rural,Analyst,63,Male,115986.15456717256
Master,7,Suburban,Director,45,Female,137105.24731983276
Master,11,Urban,Analyst,21,Male,100285.215849479
Master,11,Rural,Analyst,54,Male,102655.89286954631
High School,6,Suburban,Analyst,59,Male,56036.16300950703
PhD,11,Suburban,Engineer,60,Female,141466.7183821242
Master,9,Suburban,Analyst,38,Female,101144.06013260983
Master,16,Urban,Analyst,61,Female,92226.87181943902
PhD,28,Suburban,Manager,41,Female,163883.35209809509
Master,5,Urban,Director,48,Male,124184.51486659472
Master,20,Suburban,Director,21,Male,129469.38088931618
High School,23,Urban,Engineer,61,Male,95229.6476192084
Bachelor,6,Suburban,Analyst,58,Female,72686.91363970499
High School,4,Suburban,Analyst,32,Male,59999.86743162342
PhD,8,Urban,Analyst,35,Male,115316.16680702323
Master,25,Rural,Analyst,48,Male,101638.69873172013
High School,25,Rural,Engineer,45,Female,93105.81760583611
High School,16,Rural,Manager,42,Female,68129.67262737315
Master,16,Urban,Director,47,Male,130152.29063582531
PhD,11,Rural,Manager,33,Female,113916.79208132316
Bachelor,20,Suburban,Analyst,53,Female,106299.82244007823
PhD,14,Urban,Manager,34,Male,147979.983232951
Master,8,Rural,Manager,28,Female,110377.79633452596
Master,25,Suburban,Director,24,Male,149751.38410578627
Bachelor,6,Suburban,Manager,41,Female,77706.63430665733
Bachelor,8,Urban,Manager,48,Female,92589.53218080329
Master,19,Rural,Manager,42,Female,118085.62268750489
PhD,8,Suburban,Engineer,34,Male,107515.28949271538
Bachelor,29,Rural,Engineer,20,Female,112114.27126349951
Master,25,Suburban,Engineer,57,Male,119815.70949806632
Bachelor,1,Suburban,Manager,29,Male,82767.113637445
PhD,13,Urban,Engineer,53,Female,135362.25489568283
Master,8,Rural,Manager,60,Female,100474.17715663201
PhD,21,Suburban,Manager,60,Male,146451.13003812966
High School,9,Rural,Engineer,27,Female,93275.38547002494
Bachelor,16,Rural,Analyst,46,Male,87046.82030245801
Bachelor,21,Rural,Manager,49,Male,117683.11059634325
Master,5,Urban,Manager,37,Male,111449.16877544079
Master,11,Suburban,Director,30,Female,118484.31009869062
High School,17,Rural,Engineer,63,Female,70097.03589371659
Master,21,Urban,Director,53,Female,127582.95056575965
Bachelor,27,Rural,Manager,21,Female,83930.42234554206
PhD,9,Urban,Director,58,Female,156315.92505022138
Master,17,Rural,Manager,39,Male,123413.38144972229
High School,15,Rural,Director,49,Male,93338.51221753072
PhD,1,Rural,Manager,26,Female,121281.69873189996
Bachelor,21,Urban,Engineer,25,Male,120783.72699879663
Master,24,Urban,Director,24,Male,143126.71812942385
High School,16,Suburban,Director,22,Male,85460.35259209422
Master,13,Suburban,Analyst,60,Male,72935.01284992674
Bachelor,20,Urban,Analyst,60,Female,94528.34132346758
Master,24,Suburban,Engineer,36,Female,127318.77785059679
Bachelor,24,Urban,Manager,27,Female,114068.61198539498
High School,3,Urban,Analyst,60,Male,69242.2173444676
High School,28,Urban,Engineer,44,Female,110948.81166255391
Bachelor,14,Suburban,Engineer,43,Female,87266.497916228
High School,3,Rural,Manager,42,Male,75312.53559593308
Master,18,Suburban,Manager,61,Male,107141.47424819975
High School,24,Rural,Director,26,Male,104313.19104356626
PhD,28,Suburban,Director,34,Female,163634.90480386768
Bachelor,14,Rural,Engineer,59,Male,81786.09501652936
Master,17,Rural,Engineer,44,Male,105366.0107999351
High School,24,Urban,Engineer,51,Female,82436.96531661357
Master,6,Suburban,Director,40,Male,117911.9709065475
PhD,26,Rural,Analyst,38,Male,132986.72970149666
High School,8,Suburban,Manager,55,Female,71257.07865933598
High School,2,Urban,Engineer,52,Male,50442.07521036797
Bachelor,18,Urban,Director,40,Male,122170.53888992124
High School,3,Rural,Director,44,Female,66921.32051610532
Bachelor,29,Urban,Manager,52,Male,129479.8661479213
High School,21,Suburban,Analyst,47,Female,70661.73033427619
Master,2,Urban,Engineer,64,Male,103270.2395332119
PhD,5,Urban,Manager,56,Female,114507.68086755334
PhD,22,Urban,Director,38,Male,149433.19871831877
High School,9,Urban,Analyst,42,Male,73396.1439350745
Master,29,Suburban,Engineer,54,Male,116661.83273973822
Bachelor,19,Suburban,Director,51,Female,108675.6234100105
PhD,2,Rural,Director,38,Male,129220.60032731721
PhD,23,Urban,Manager,34,Male,166637.4259282734
High School,4,Rural,Director,27,Female,77741.37997801583
Master,17,Rural,Engineer,31,Female,120102.64603383328
High School,4,Suburban,Director,30,Male,76322.52202468809
Master,26,Urban,Manager,58,Male,138131.76263766392
High School,6,Urban,Manager,61,Female,63967.565446240245
PhD,2,Suburban,Analyst,42,Male,123780.31235143372
Master,4,Suburban,Analyst,20,Female,95086.48203694854
Master,8,Suburban,Director,54,Female,123441.29098796276
High School,2,Urban,Director,37,Male,85383.1553922566
High School,2,Rural,Director,62,Female,86467.92073920323
Master,8,Rural,Analyst,26,Male,90855.0489351141
Bachelor,26,Urban,Analyst,23,Male,117630.38957754907
PhD,5,Rural,Director,60,Male,126484.77415596209
Bachelor,14,Urban,Analyst,47,Male,93221.84607969092
Bachelor,13,Urban,Manager,32,Male,123092.18561174876
Bachelor,19,Suburban,Analyst,59,Male,84101.852687414
High School,28,Urban,Manager,41,Female,100452.5585344342
Master,1,Suburban,Director,45,Female,124775.05062836433
Bachelor,12,Suburban,Manager,20,Male,95621.00301101293
Bachelor,20,Rural,Engineer,63,Female,74996.46723835671
PhD,3,Suburban,Director,54,Male,127440.40640931044
PhD,14,Rural,Manager,21,Male,139809.32588853835
Bachelor,5,Urban,Manager,63,Female,103915.15319989245
PhD,17,Rural,Analyst,57,Male,129845.55334320996
Bachelor,17,Rural,Manager,63,Female,108464.32013867845
PhD,11,Rural,Analyst,45,Male,116719.85194936022
Master,26,Urban,Manager,43,Male,138082.33170711008
High School,12,Urban,Manager,62,Female,66811.3134084247
Master,4,Suburban,Analyst,24,Male,97173.28953702337
Bachelor,9,Urban,Engineer,27,Male,95126.80785391098
Bachelor,20,Suburban,Manager,49,Female,99167.88705184014
Bachelor,15,Urban,Manager,21,Male,111440.01698894911
Bachelor,1,Rural,Director,43,Female,72841.11155482176
Master,21,Suburban,Analyst,43,Female,118510.99597794536
High School,21,Urban,Analyst,44,Female,79002.843236208
Bachelor,1,Urban,Engineer,45,Male,102106.0853358802
Master,3,Urban,Director,25,Female,137130.85536865267
PhD,12,Rural,Engineer,42,Male,137069.8035855853
Bachelor,6,Suburban,Engineer,36,Female,89173.97096368166
PhD,22,Suburban,Manager,51,Male,153466.1561391526
Bachelor,25,Suburban,Manager,20,Female,98183.68685087071
Bachelor,3,Urban,Analyst,23,Male,74649.08699648213
Master,8,Suburban,Director,53,Male,141267.28470660865
High School,13,Suburban,Analyst,51,Female,48438.3555127691
Master,12,Urban,Director,26,Male,127497.1816518687
Master,20,Urban,Analyst,20,Male,100807.6591918533
PhD,29,Urban,Engineer,28,Female,163509.51814032128
Master,23,Urban,Engineer,44,Female,117342.18671454389
Master,2,Rural,Engineer,26,Female,107445.34365931293
Master,17,Rural,Manager,31,Male,112862.37506280701
High School,19,Suburban,Director,24,Female,88958.67919836262
PhD,19,Rural,Director,57,Male,161785.29188984665
Bachelor,15,Urban,Manager,27,Female,114388.31726393776
Bachelor,22,Rural,Director,45,Female,84837.19690782425
PhD,16,Urban,Analyst,62,Female,135511.40789857198
PhD,16,Rural,Engineer,25,Female,132001.66878252293
Master,6,Urban,Manager,57,Male,118098.06930900911
PhD,2,Suburban,Engineer,24,Female,110423.41996175225
Master,11,Suburban,Director,62,Male,126284.0844463959
Master,3,Rural,Manager,32,Female,99019.38519034335
Bachelor,28,Urban,Director,36,Male,130113.23027609976
PhD,9,Suburban,Engineer,25,Female,121976.05737138934
Bachelor,24,Urban,Director,33,Male,117780.71841761054
PhD,20,Rural,Manager,31,Female,141637.70446304613
Bachelor,16,Urban,Director,42,Male,124024.38910184393
Master,8,Urban,Manager,62,Male,120890.05892395366
Master,13,Rural,Manager,59,Male,107463.57610068769
Bachelor,4,Suburban,Manager,20,Male,92362.5402037041
Master,2,Rural,Analyst,44,Male,97697.92391858966
High School,17,Urban,Director,47,Male,112954.0416857619
Bachelor,18,Rural,Director,50,Female,120075.52584159437
Bachelor,17,Rural,Engineer,44,Female,92373.80193359032
PhD,25,Urban,Manager,48,Male,144908.75968786114
Master,25,Rural,Manager,44,Female,111344.47273079128
High School,27,Suburban,Engineer,50,Female,79976.18786280928
PhD,6,Suburban,Director,52,Female,126908.15218443837
Bachelor,20,Rural,Director,55,Female,102152.15270939372
High School,27,Urban,Director,42,Male,105298.77695248833
High School,11,Rural,Manager,28,Female,66157.89578261097
Master,20,Rural,Manager,23,Female,116720.81943689582
Bachelor,18,Suburban,Engineer,56,Male,79719.9537270189
PhD,14,Suburban,Analyst,34,Female,126314.6675979321
High School,1,Urban,Analyst,56,Male,65965.08051066907
Bachelor,23,Urban,Manager,37,Male,107518.6253221083
Master,2,Urban,Director,39,Male,129257.55344191214
Bachelor,7,Rural,Director,44,Male,123627.26713718078
Master,10,Rural,Analyst,44,Female,94081.88969865548
Bachelor,6,Rural,Director,55,Male,102512.10007949529
PhD,13,Rural,Analyst,21,Female,119967.70090087356
Bachelor,11,Urban,Manager,32,Female,110696.23729224046
PhD,24,Urban,Manager,40,Female,136813.50123387904
Master,17,Urban,Director,27,Male,126430.43232054784
High School,28,Rural,Director,42,Female,99434.6392807138
High School,18,Rural,Analyst,64,Male,71869.62566158465
PhD,5,Urban,Director,35,Female,146305.2402586494
Bachelor,29,Suburban,Manager,52,Male,97354.26749032356
Bachelor,26,Urban,Director,53,Male,117763.86723541605
Bachelor,15,Rural,Director,33,Male,97052.93882402783
High School,14,Rural,Director,21,Male,87889.91945003047
Master,22,Urban,Manager,23,Female,124379.61040159572
Master,18,Suburban,Director,59,Female,126191.92895199229
Master,7,Suburban,Analyst,56,Male,107847.47576637704
High School,29,Rural,Engineer,58,Female,92353.1627679859
Master,11,Rural,Analyst,47,Male,91867.25194663962
PhD,6,Rural,Analyst,54,Female,115249.02672349873
PhD,5,Urban,Analyst,58,Female,101185.16201468659
High School,5,Rural,Manager,45,Male,66983.27059355342
Bachelor,21,Rural,Analyst,36,Female,97899.78049795827
Master,24,Rural,Director,29,Male,139267.8170525735
Master,19,Suburban,Manager,45,Male,125010.60844357472
PhD,19,Suburban,Engineer,20,Female,130113.57026527364
High School,23,Rural,Analyst,35,Male,61532.07984408598
Bachelor,22,Suburban,Engineer,36,Male,95209.17594806197
Master,11,Suburban,Director,62,Male,110485.5886176369
High School,12,Suburban,Director,56,Male,103104.58978298244
High School,28,Suburban,Analyst,27,Female,83642.10640394817
Master,28,Urban,Director,43,Female,146975.62965786716
Bachelor,15,Suburban,Director,60,Female,103801.95225172662
Master,20,Suburban,Director,58,Female,134296.60379842255
High School,17,Suburban,Manager,57,Female,89977.94942262843
PhD,25,Suburban,Engineer,57,Male,150114.47891218946
PhD,25,Urban,Analyst,24,Female,130963.09069934257
High School,2,Urban,Engineer,54,Female,52264.712398263444
High School,9,Rural,Manager,42,Female,89782.29962808275
Bachelor,8,Suburban,Director,50,Male,114365.92857715685
High School,6,Suburban,Director,53,Male,88085.19940828005
Bachelor,16,Rural,Manager,47,Female,94613.5375628263
High School,24,Urban,Director,27,Female,113240.20338262782
Bachelor,10,Rural,Analyst,33,Female,62267.668241688836
Master,21,Urban,Analyst,45,Female,131317.6842153504
PhD,1,Rural,Engineer,57,Male,110642.2777526284
Bachelor,24,Rural,Manager,51,Male,111908.61502158752
PhD,15,Suburban,Manager,56,Female,146462.17774895177
Master,3,Rural,Analyst,59,Female,86684.29088738072
Bachelor,20,Urban,Director,28,Female,118246.33644902532
Master,26,Urban,Manager,38,Male,148215.83141275984
Bachelor,22,Rural,Manager,40,Female,112264.97404582589
PhD,5,Urban,Director,45,Female,127277.68880019579
Master,1,Rural,Manager,59,Male,84075.94262943542
High School,28,Suburban,Director,49,Male,93537.79379643842
Master,27,Suburban,Engineer,22,Female,113064.54601700298
Bachelor,21,Suburban,Engineer,60,Female,84814.7412741277
PhD,6,Suburban,Director,37,Female,143721.10643262288
High School,27,Rural,Engineer,60,Female,72362.95552866027
High School,25,Urban,Director,59,Male,117061.2462176217
Master,18,Rural,Director,53,Male,142528.77765517056
Master,5,Urban,Manager,23,Female,114713.16762502407
High School,25,Rural,Director,46,Male,111834.57948672894
Master,1,Urban,Director,44,Female,121242.14310140723
PhD,18,Urban,Director,50,Female,153652.093532501
High School,18,Rural,Director,21,Female,88647.85739293914
High School,9,Suburban,Director,62,Male,93448.60001993066
Master,10,Rural,Analyst,38,Male,78855.39027300103
Master,5,Suburban,Analyst,27,Male,92914.00677775545
Bachelor,10,Rural,Analyst,63,Male,77974.05660316872
Master,13,Urban,Engineer,25,Male,116630.84665238541
High School,17,Suburban,Manager,60,Female,78315.63656677089
High School,4,Urban,Engineer,57,Male,68887.85742643471
Bachelor,1,Urban,Engineer,39,Female,83921.21617950863
Bachelor,15,Urban,Analyst,54,Female,84080.91886527606
High School,24,Rural,Analyst,41,Male,90815.98628938774
Bachelor,1,Urban,Manager,56,Male,95395.50206031308
High School,25,Rural,Director,44,Female,91688.16649826171
Master,29,Suburban,Engineer,50,Female,118282.80966521561
High School,12,Urban,Manager,21,Female,92294.08918230917
Bachelor,2,Suburban,Director,20,Female,98020.59791064067
Master,19,Suburban,Engineer,44,Male,139481.1269781519
High School,15,Rural,Manager,24,Male,70640.75877047912
High School,13,Suburban,Engineer,20,Female,55573.930615477104
Bachelor,9,Rural,Manager,56,Female,88723.01541166398
Bachelor,6,Rural,Engineer,40,Female,77750.67458837443
PhD,25,Suburban,Director,24,Female,138815.49365359705
High School,3,Suburban,Engineer,25,Female,54908.3148561852
Master,18,Suburban,Analyst,34,Female,104315.84558612405
Bachelor,16,Rural,Engineer,42,Male,82312.3646379445
Master,4,Rural,Director,35,Female,107697.74252369395
PhD,22,Suburban,Analyst,39,Male,118568.0745691156
Bachelor,17,Rural,Director,32,Male,114580.38051421757
Master,19,Suburban,Director,59,Female,128161.59156010325
High School,6,Rural,Manager,52,Male,55762.98547599145
Master,25,Rural,Director,50,Female,127400.65732182092
High School,23,Urban,Director,40,Male,98276.76760253045
Master,19,Urban,Director,40,Female,140086.47124713028
High School,8,Suburban,Analyst,25,Female,64683.38986360488
High School,24,Urban,Engineer,30,Female,74468.2050198493
Master,18,Rural,Analyst,44,Male,98207.02602445567
Bachelor,27,Suburban,Director,31,Female,108544.92271980026
High School,25,Urban,Director,41,Female,71077.00006577624
